ID,DexNo,Name,Form,PrimaryType,SecondaryType,Total,HP,Att,Def,SpAtt,SpDef,Spd
1,1,Bulbasaur,Base,Grass,Poison,318,45,49,49,65,65,45
2,2,Ivysaur,Base,Grass,Poison,405,60,62,63,80,80,60
3,3,Venusaur,Base,Grass,Poison,525,80,82,83,100,100,80
4,3,Venusaur,Mega Venusaur,Grass,Poison,625,80,100,123,122,120,80
5,4,Charmander,Base,Fire,NA,309,39,52,43,60,50,65
6,5,Charmeleon,Base,Fire,NA,405,58,64,58,80,65,80
7,6,Charizard,Base,Fire,Flying,534,78,84,78,109,85,100
8,6,Charizard,Mega Charizard X,Fire,Dragon,634,78,130,111,130,85,100
9,6,Charizard,Mega Charizard Y,Fire,Flying,634,78,104,78,159,115,100
10,7,Squirtle,Base,Water,NA,314,44,48,65,50,64,43
11,8,Wartortle,Base,Water,NA,405,59,63,80,65,80,58
12,9,Blastoise,Base,Water,NA,530,79,83,100,85,105,78
13,9,Blastoise,Mega Blastoise,Water,NA,630,79,103,120,135,115,78
14,10,Caterpie,Base,Bug,NA,195,45,30,35,20,20,45
15,11,Metapod,Base,Bug,NA,205,50,20,55,25,25,30
16,12,Butterfree,Base,Bug,Flying,395,60,45,50,90,80,70
17,13,Weedle,Base,Bug,Poison,195,40,35,30,20,20,50
18,14,Kakuna,Base,Bug,Poison,205,45,25,50,25,25,35
19,15,Beedrill,Base,Bug,Poison,395,65,90,40,45,80,75
20,15,Beedrill,Mega Beedrill,Bug,Poison,495,65,150,40,15,80,145
21,16,Pidgey,Base,Normal,Flying,251,40,45,40,35,35,56
22,17,Pidgeotto,Base,Normal,Flying,349,63,60,55,50,50,71
23,18,Pidgeot,Base,Normal,Flying,479,83,80,75,70,70,101
24,18,Pidgeot,Mega Pidgeot,Normal,Flying,579,83,80,80,135,80,121
25,19,Rattata,Base,Normal,NA,253,30,56,35,25,35,72
26,19,Rattata,Alolan Rattata,Dark,Normal,253,30,56,35,25,35,72
27,20,Raticate,Base,Normal,NA,413,55,81,60,50,70,97
28,20,Raticate,Alolan Raticate,Dark,Normal,413,75,71,70,40,80,77
29,21,Spearow,Base,Normal,Flying,262,40,60,30,31,31,70
30,22,Fearow,Base,Normal,Flying,442,65,90,65,61,61,100
31,23,Ekans,Base,Poison,NA,288,35,60,44,40,54,55
32,24,Arbok,Base,Poison,NA,448,60,95,69,65,79,80
33,25,Pikachu,Base,Electric,NA,320,35,55,40,50,50,90
34,25,Pikachu,Partner Pikachu,Electric,NA,430,45,80,50,75,60,120
35,26,Raichu,Base,Electric,NA,485,60,90,55,90,80,110
36,26,Raichu,Alolan Raichu,Electric,Psychic,485,60,85,50,95,85,110
37,27,Sandshrew,Base,Ground,NA,300,50,75,85,20,30,40
38,27,Sandshrew,Alolan Sandshrew,Ice,Steel,300,50,75,90,10,35,40
39,28,Sandslash,Base,Ground,NA,450,75,100,110,45,55,65
40,28,Sandslash,Alolan Sandslash,Ice,Steel,450,75,100,120,25,65,65
41,29,Nidoran♀,Base,Poison,NA,275,55,47,52,40,40,41
42,30,Nidorina,Base,Poison,NA,365,70,62,67,55,55,56
43,31,Nidoqueen,Base,Poison,Ground,505,90,92,87,75,85,76
44,32,Nidoran♂,Base,Poison,NA,273,46,57,40,40,40,50
45,33,Nidorino,Base,Poison,NA,365,61,72,57,55,55,65
46,34,Nidoking,Base,Poison,Ground,505,81,102,77,85,75,85
47,35,Clefairy,Base,Fairy,NA,323,70,45,48,60,65,35
48,36,Clefable,Base,Fairy,NA,483,95,70,73,95,90,60
49,37,Vulpix,Base,Fire,NA,299,38,41,40,50,65,65
50,37,Vulpix,Alolan Vulpix,Ice,NA,299,38,41,40,50,65,65
51,38,Ninetales,Base,Fire,NA,505,73,76,75,81,100,100
52,38,Ninetales,Alolan Ninetales,Ice,Fairy,505,73,67,75,81,100,109
53,39,Jigglypuff,Base,Normal,Fairy,270,115,45,20,45,25,20
54,40,Wigglytuff,Base,Normal,Fairy,435,140,70,45,85,50,45
55,41,Zubat,Base,Poison,Flying,245,40,45,35,30,40,55
56,42,Golbat,Base,Poison,Flying,455,75,80,70,65,75,90
57,43,Oddish,Base,Grass,Poison,320,45,50,55,75,65,30
58,44,Gloom,Base,Grass,Poison,395,60,65,70,85,75,40
59,45,Vileplume,Base,Grass,Poison,490,75,80,85,110,90,50
60,46,Paras,Base,Bug,Grass,285,35,70,55,45,55,25
61,47,Parasect,Base,Bug,Grass,405,60,95,80,60,80,30
62,48,Venonat,Base,Bug,Poison,305,60,55,50,40,55,45
63,49,Venomoth,Base,Bug,Poison,450,70,65,60,90,75,90
64,50,Diglett,Base,Ground,NA,265,10,55,25,35,45,95
65,50,Diglett,Alolan Diglett,Ground,Steel,265,10,55,30,35,45,90
66,51,Dugtrio,Base,Ground,NA,425,35,100,50,50,70,120
67,51,Dugtrio,Alolan Dugtrio,Ground,Steel,425,35,100,60,50,70,110
68,52,Meowth,Base,Normal,NA,290,40,45,35,40,40,90
69,52,Meowth,Alolan Meowth,Dark,NA,290,40,35,35,50,40,90
70,52,Meowth,Galarian Meowth,Steel,NA,290,50,65,55,40,40,40
71,53,Persian,Base,Normal,NA,440,65,70,60,65,65,115
72,53,Persian,Alolan Persian,Dark,NA,440,65,60,60,75,65,115
73,54,Psyduck,Base,Water,NA,320,50,52,48,65,50,55
74,55,Golduck,Base,Water,NA,500,80,82,78,95,80,85
75,56,Mankey,Base,Fighting,NA,305,40,80,35,35,45,70
76,57,Primeape,Base,Fighting,NA,455,65,105,60,60,70,95
77,58,Growlithe,Base,Fire,NA,350,55,70,45,70,50,60
78,59,Arcanine,Base,Fire,NA,555,90,110,80,100,80,95
79,60,Poliwag,Base,Water,NA,300,40,50,40,40,40,90
80,61,Poliwhirl,Base,Water,NA,385,65,65,65,50,50,90
81,62,Poliwrath,Base,Water,Fighting,510,90,95,95,70,90,70
82,63,Abra,Base,Psychic,NA,310,25,20,15,105,55,90
83,64,Kadabra,Base,Psychic,NA,400,40,35,30,120,70,105
84,65,Alakazam,Base,Psychic,NA,500,55,50,45,135,95,120
85,65,Alakazam,Mega Alakazam,Psychic,NA,600,55,50,65,175,105,150
86,66,Machop,Base,Fighting,NA,305,70,80,50,35,35,35
87,67,Machoke,Base,Fighting,NA,405,80,100,70,50,60,45
88,68,Machamp,Base,Fighting,NA,505,90,130,80,65,85,55
89,69,Bellsprout,Base,Grass,Poison,300,50,75,35,70,30,40
90,70,Weepinbell,Base,Grass,Poison,390,65,90,50,85,45,55
91,71,Victreebel,Base,Grass,Poison,490,80,105,65,100,70,70
92,72,Tentacool,Base,Water,Poison,335,40,40,35,50,100,70
93,73,Tentacruel,Base,Water,Poison,515,80,70,65,80,120,100
94,74,Geodude,Base,Rock,Ground,300,40,80,100,30,30,20
95,74,Geodude,Alolan Geodude,Rock,Electric,300,40,80,100,30,30,20
96,75,Graveler,Base,Rock,Ground,390,55,95,115,45,45,35
97,75,Graveler,Alolan Graveler,Rock,Electric,390,55,95,115,45,45,35
98,76,Golem,Base,Rock,Ground,495,80,120,130,55,65,45
99,76,Golem,Alolan Golem,Rock,Electric,495,80,120,130,55,65,45
100,77,Ponyta,Base,Fire,NA,410,50,85,55,65,65,90
101,77,Ponyta,Galarian Ponyta,Psychic,NA,410,50,85,55,65,65,90
102,78,Rapidash,Base,Fire,NA,500,65,100,70,80,80,105
103,78,Rapidash,Galarian Rapidash,Psychic,Fairy,500,65,100,70,80,80,105
104,79,Slowpoke,Base,Water,Psychic,315,90,65,65,40,40,15
105,79,Slowpoke,Galarian Slowpoke,Psychic,NA,315,90,65,65,40,40,15
106,80,Slowbro,Base,Water,Psychic,490,95,75,110,100,80,30
107,80,Slowbro,Mega Slowbro,Water,Psychic,590,95,75,180,130,80,30
108,80,Slowbro,Galarian Slowbro,Poison,Psychic,490,95,100,95,100,70,30
109,81,Magnemite,Base,Electric,Steel,325,25,35,70,95,55,45
110,82,Magneton,Base,Electric,Steel,465,50,60,95,120,70,70
111,83,Farfetch'd,Base,Normal,Flying,377,52,90,55,58,62,60
112,83,Farfetch'd,Galarian Farfetch'd,Fighting,NA,377,52,95,55,58,62,55
113,84,Doduo,Base,Normal,Flying,310,35,85,45,35,35,75
114,85,Dodrio,Base,Normal,Flying,470,60,110,70,60,60,110
115,86,Seel,Base,Water,NA,325,65,45,55,45,70,45
116,87,Dewgong,Base,Water,Ice,475,90,70,80,70,95,70
117,88,Grimer,Base,Poison,NA,325,80,80,50,40,50,25
118,88,Grimer,Alolan Grimer,Poison,Dark,325,80,80,50,40,50,25
119,89,Muk,Base,Poison,NA,500,105,105,75,65,100,50
120,89,Muk,Alolan Muk,Poison,Dark,500,105,105,75,65,100,50
121,90,Shellder,Base,Water,NA,305,30,65,100,45,25,40
122,91,Cloyster,Base,Water,Ice,525,50,95,180,85,45,70
123,92,Gastly,Base,Ghost,Poison,310,30,35,30,100,35,80
124,93,Haunter,Base,Ghost,Poison,405,45,50,45,115,55,95
125,94,Gengar,Base,Ghost,Poison,500,60,65,60,130,75,110
126,94,Gengar,Mega Gengar,Ghost,Poison,600,60,65,80,170,95,130
127,95,Onix,Base,Rock,Ground,385,35,45,160,30,45,70
128,96,Drowzee,Base,Psychic,NA,328,60,48,45,43,90,42
129,97,Hypno,Base,Psychic,NA,483,85,73,70,73,115,67
130,98,Krabby,Base,Water,NA,325,30,105,90,25,25,50
131,99,Kingler,Base,Water,NA,475,55,130,115,50,50,75
132,100,Voltorb,Base,Electric,NA,330,40,30,50,55,55,100
133,101,Electrode,Base,Electric,NA,490,60,50,70,80,80,150
134,102,Exeggcute,Base,Grass,Psychic,325,60,40,80,60,45,40
135,103,Exeggutor,Base,Grass,Psychic,530,95,95,85,125,75,55
136,103,Exeggutor,Alolan Exeggutor,Grass,Dragon,530,95,105,85,125,75,45
137,104,Cubone,Base,Ground,NA,320,50,50,95,40,50,35
138,105,Marowak,Base,Ground,NA,425,60,80,110,50,80,45
139,105,Marowak,Alolan Marowak,Fire,Ghost,425,60,80,110,50,80,45
140,106,Hitmonlee,Base,Fighting,NA,455,50,120,53,35,110,87
141,107,Hitmonchan,Base,Fighting,NA,455,50,105,79,35,110,76
142,108,Lickitung,Base,Normal,NA,385,90,55,75,60,75,30
143,109,Koffing,Base,Poison,NA,340,40,65,95,60,45,35
144,110,Weezing,Base,Poison,NA,490,65,90,120,85,70,60
145,110,Weezing,Galarian Weezing,Poison,Fairy,490,65,90,120,85,70,60
146,111,Rhyhorn,Base,Ground,Rock,345,80,85,95,30,30,25
147,112,Rhydon,Base,Ground,Rock,485,105,130,120,45,45,40
148,113,Chansey,Base,Normal,NA,450,250,5,5,35,105,50
149,114,Tangela,Base,Grass,NA,435,65,55,115,100,40,60
150,115,Kangaskhan,Base,Normal,NA,490,105,95,80,40,80,90
151,115,Kangaskhan,Mega Kangaskhan,Normal,NA,590,105,125,100,60,100,100
152,116,Horsea,Base,Water,NA,295,30,40,70,70,25,60
153,117,Seadra,Base,Water,NA,440,55,65,95,95,45,85
154,118,Goldeen,Base,Water,NA,320,45,67,60,35,50,63
155,119,Seaking,Base,Water,NA,450,80,92,65,65,80,68
156,120,Staryu,Base,Water,NA,340,30,45,55,70,55,85
157,121,Starmie,Base,Water,Psychic,520,60,75,85,100,85,115
158,122,Mr. Mime,Base,Psychic,Fairy,460,40,45,65,100,120,90
159,122,Mr. Mime,Galarian Mr. Mime,Ice,Psychic,460,50,65,65,90,90,100
160,123,Scyther,Base,Bug,Flying,500,70,110,80,55,80,105
161,124,Jynx,Base,Ice,Psychic,455,65,50,35,115,95,95
162,125,Electabuzz,Base,Electric,NA,490,65,83,57,95,85,105
163,126,Magmar,Base,Fire,NA,495,65,95,57,100,85,93
164,127,Pinsir,Base,Bug,NA,500,65,125,100,55,70,85
165,127,Pinsir,Mega Pinsir,Bug,Flying,600,65,155,120,65,90,105
166,128,Tauros,Base,Normal,NA,490,75,100,95,40,70,110
167,129,Magikarp,Base,Water,NA,200,20,10,55,15,20,80
168,130,Gyarados,Base,Water,Flying,540,95,125,79,60,100,81
169,130,Gyarados,Mega Gyarados,Water,Dark,640,95,155,109,70,130,81
170,131,Lapras,Base,Water,Ice,535,130,85,80,85,95,60
171,132,Ditto,Base,Normal,NA,288,48,48,48,48,48,48
172,133,Eevee,Base,Normal,NA,325,55,55,50,45,65,55
173,133,Eevee,Partner Eevee,Normal,NA,435,65,75,70,65,85,75
174,134,Vaporeon,Base,Water,NA,525,130,65,60,110,95,65
175,135,Jolteon,Base,Electric,NA,525,65,65,60,110,95,130
176,136,Flareon,Base,Fire,NA,525,65,130,60,95,110,65
177,137,Porygon,Base,Normal,NA,395,65,60,70,85,75,40
178,138,Omanyte,Base,Rock,Water,355,35,40,100,90,55,35
179,139,Omastar,Base,Rock,Water,495,70,60,125,115,70,55
180,140,Kabuto,Base,Rock,Water,355,30,80,90,55,45,55
181,141,Kabutops,Base,Rock,Water,495,60,115,105,65,70,80
182,142,Aerodactyl,Base,Rock,Flying,515,80,105,65,60,75,130
183,142,Aerodactyl,Mega Aerodactyl,Rock,Flying,615,80,135,85,70,95,150
184,143,Snorlax,Base,Normal,NA,540,160,110,65,65,110,30
185,144,Articuno,Base,Ice,Flying,580,90,85,100,95,125,85
186,144,Articuno,Galarian Articuno,Psychic,Flying,580,90,85,85,125,100,95
187,145,Zapdos,Base,Electric,Flying,580,90,90,85,125,90,100
188,145,Zapdos,Galarian Zapdos,Fighting,Flying,580,90,125,90,85,90,100
189,146,Moltres,Base,Fire,Flying,580,90,100,90,125,85,90
190,146,Moltres,Galarian Moltres,Dark,Flying,580,90,85,90,100,125,90
191,147,Dratini,Base,Dragon,NA,300,41,64,45,50,50,50
192,148,Dragonair,Base,Dragon,NA,420,61,84,65,70,70,70
193,149,Dragonite,Base,Dragon,Flying,600,91,134,95,100,100,80
194,150,Mewtwo,Base,Psychic,NA,680,106,110,90,154,90,130
195,150,Mewtwo,Mega Mewtwo X,Psychic,Fighting,780,106,190,100,154,100,130
196,150,Mewtwo,Mega Mewtwo Y,Psychic,NA,780,106,150,70,194,120,140
197,151,Mew,Base,Psychic,NA,600,100,100,100,100,100,100
198,152,Chikorita,Base,Grass,NA,318,45,49,65,49,65,45
199,153,Bayleef,Base,Grass,NA,405,60,62,80,63,80,60
200,154,Meganium,Base,Grass,NA,525,80,82,100,83,100,80
201,155,Cyndaquil,Base,Fire,NA,309,39,52,43,60,50,65
202,156,Quilava,Base,Fire,NA,405,58,64,58,80,65,80
203,157,Typhlosion,Base,Fire,NA,534,78,84,78,109,85,100
204,158,Totodile,Base,Water,NA,314,50,65,64,44,48,43
205,159,Croconaw,Base,Water,NA,405,65,80,80,59,63,58
206,160,Feraligatr,Base,Water,NA,530,85,105,100,79,83,78
207,161,Sentret,Base,Normal,NA,215,35,46,34,35,45,20
208,162,Furret,Base,Normal,NA,415,85,76,64,45,55,90
209,163,Hoothoot,Base,Normal,Flying,262,60,30,30,36,56,50
210,164,Noctowl,Base,Normal,Flying,452,100,50,50,86,96,70
211,165,Ledyba,Base,Bug,Flying,265,40,20,30,40,80,55
212,166,Ledian,Base,Bug,Flying,390,55,35,50,55,110,85
213,167,Spinarak,Base,Bug,Poison,250,40,60,40,40,40,30
214,168,Ariados,Base,Bug,Poison,400,70,90,70,60,70,40
215,169,Crobat,Base,Poison,Flying,535,85,90,80,70,80,130
216,170,Chinchou,Base,Water,Electric,330,75,38,38,56,56,67
217,171,Lanturn,Base,Water,Electric,460,125,58,58,76,76,67
218,172,Pichu,Base,Electric,NA,205,20,40,15,35,35,60
219,173,Cleffa,Base,Fairy,NA,218,50,25,28,45,55,15
220,174,Igglybuff,Base,Normal,Fairy,210,90,30,15,40,20,15
221,175,Togepi,Base,Fairy,NA,245,35,20,65,40,65,20
222,176,Togetic,Base,Fairy,Flying,405,55,40,85,80,105,40
223,177,Natu,Base,Psychic,Flying,320,40,50,45,70,45,70
224,178,Xatu,Base,Psychic,Flying,470,65,75,70,95,70,95
225,179,Mareep,Base,Electric,NA,280,55,40,40,65,45,35
226,180,Flaaffy,Base,Electric,NA,365,70,55,55,80,60,45
227,181,Ampharos,Base,Electric,NA,510,90,75,85,115,90,55
228,181,Ampharos,Mega Ampharos,Electric,Dragon,610,90,95,105,165,110,45
229,182,Bellossom,Base,Grass,NA,490,75,80,95,90,100,50
230,183,Marill,Base,Water,Fairy,250,70,20,50,20,50,40
231,184,Azumarill,Base,Water,Fairy,420,100,50,80,60,80,50
232,185,Sudowoodo,Base,Rock,NA,410,70,100,115,30,65,30
233,186,Politoed,Base,Water,NA,500,90,75,75,90,100,70
234,187,Hoppip,Base,Grass,Flying,250,35,35,40,35,55,50
235,188,Skiploom,Base,Grass,Flying,340,55,45,50,45,65,80
236,189,Jumpluff,Base,Grass,Flying,460,75,55,70,55,95,110
237,190,Aipom,Base,Normal,NA,360,55,70,55,40,55,85
238,191,Sunkern,Base,Grass,NA,180,30,30,30,30,30,30
239,192,Sunflora,Base,Grass,NA,425,75,75,55,105,85,30
240,193,Yanma,Base,Bug,Flying,390,65,65,45,75,45,95
241,194,Wooper,Base,Water,Ground,210,55,45,45,25,25,15
242,195,Quagsire,Base,Water,Ground,430,95,85,85,65,65,35
243,196,Espeon,Base,Psychic,NA,525,65,65,60,130,95,110
244,197,Umbreon,Base,Dark,NA,525,95,65,110,60,130,65
245,198,Murkrow,Base,Dark,Flying,405,60,85,42,85,42,91
246,199,Slowking,Base,Water,Psychic,490,95,75,80,100,110,30
247,199,Slowking,Galarian Slowking,Poison,Psychic,490,95,65,80,110,110,30
248,200,Misdreavus,Base,Ghost,NA,435,60,60,60,85,85,85
249,201,Unown,Base,Psychic,NA,336,48,72,48,72,48,48
250,202,Wobbuffet,Base,Psychic,NA,405,190,33,58,33,58,33
251,203,Girafarig,Base,Normal,Psychic,455,70,80,65,90,65,85
252,204,Pineco,Base,Bug,NA,290,50,65,90,35,35,15
253,205,Forretress,Base,Bug,Steel,465,75,90,140,60,60,40
254,206,Dunsparce,Base,Normal,NA,415,100,70,70,65,65,45
255,207,Gligar,Base,Ground,Flying,430,65,75,105,35,65,85
256,208,Steelix,Base,Steel,Ground,510,75,85,200,55,65,30
257,208,Steelix,Mega Steelix,Steel,Ground,610,75,125,230,55,95,30
258,209,Snubbull,Base,Fairy,NA,300,60,80,50,40,40,30
259,210,Granbull,Base,Fairy,NA,450,90,120,75,60,60,45
260,211,Qwilfish,Base,Water,Poison,440,65,95,85,55,55,85
261,212,Scizor,Base,Bug,Steel,500,70,130,100,55,80,65
262,212,Scizor,Mega Scizor,Bug,Steel,600,70,150,140,65,100,75
263,213,Shuckle,Base,Bug,Rock,505,20,10,230,10,230,5
264,214,Heracross,Base,Bug,Fighting,500,80,125,75,40,95,85
265,214,Heracross,Mega Heracross,Bug,Fighting,600,80,185,115,40,105,75
266,215,Sneasel,Base,Dark,Ice,430,55,95,55,35,75,115
267,216,Teddiursa,Base,Normal,NA,330,60,80,50,50,50,40
268,217,Ursaring,Base,Normal,NA,500,90,130,75,75,75,55
269,218,Slugma,Base,Fire,NA,250,40,40,40,70,40,20
270,219,Magcargo,Base,Fire,Rock,430,60,50,120,90,80,30
271,220,Swinub,Base,Ice,Ground,250,50,50,40,30,30,50
272,221,Piloswine,Base,Ice,Ground,450,100,100,80,60,60,50
273,222,Corsola,Base,Water,Rock,410,65,55,95,65,95,35
274,222,Corsola,Galarian Corsola,Ghost,NA,410,60,55,100,65,100,30
275,223,Remoraid,Base,Water,NA,300,35,65,35,65,35,65
276,224,Octillery,Base,Water,NA,480,75,105,75,105,75,45
277,225,Delibird,Base,Ice,Flying,330,45,55,45,65,45,75
278,226,Mantine,Base,Water,Flying,485,85,40,70,80,140,70
279,227,Skarmory,Base,Steel,Flying,465,65,80,140,40,70,70
280,228,Houndour,Base,Dark,Fire,330,45,60,30,80,50,65
281,229,Houndoom,Base,Dark,Fire,500,75,90,50,110,80,95
282,229,Houndoom,Mega Houndoom,Dark,Fire,600,75,90,90,140,90,115
283,230,Kingdra,Base,Water,Dragon,540,75,95,95,95,95,85
284,231,Phanpy,Base,Ground,NA,330,90,60,60,40,40,40
285,232,Donphan,Base,Ground,NA,500,90,120,120,60,60,50
286,233,Porygon2,Base,Normal,NA,515,85,80,90,105,95,60
287,234,Stantler,Base,Normal,NA,465,73,95,62,85,65,85
288,235,Smeargle,Base,Normal,NA,250,55,20,35,20,45,75
289,236,Tyrogue,Base,Fighting,NA,210,35,35,35,35,35,35
290,237,Hitmontop,Base,Fighting,NA,455,50,95,95,35,110,70
291,238,Smoochum,Base,Ice,Psychic,305,45,30,15,85,65,65
292,239,Elekid,Base,Electric,NA,360,45,63,37,65,55,95
293,240,Magby,Base,Fire,NA,365,45,75,37,70,55,83
294,241,Miltank,Base,Normal,NA,490,95,80,105,40,70,100
295,242,Blissey,Base,Normal,NA,540,255,10,10,75,135,55
296,243,Raikou,Base,Electric,NA,580,90,85,75,115,100,115
297,244,Entei,Base,Fire,NA,580,115,115,85,90,75,100
298,245,Suicune,Base,Water,NA,580,100,75,115,90,115,85
299,246,Larvitar,Base,Rock,Ground,300,50,64,50,45,50,41
300,247,Pupitar,Base,Rock,Ground,410,70,84,70,65,70,51
301,248,Tyranitar,Base,Rock,Dark,600,100,134,110,95,100,61
302,248,Tyranitar,Mega Tyranitar,Rock,Dark,700,100,164,150,95,120,71
303,249,Lugia,Base,Psychic,Flying,680,106,90,130,90,154,110
304,250,Ho-oh,Base,Fire,Flying,680,106,130,90,110,154,90
305,251,Celebi,Base,Psychic,Grass,600,100,100,100,100,100,100
306,252,Treecko,Base,Grass,NA,310,40,45,35,65,55,70
307,253,Grovyle,Base,Grass,NA,405,50,65,45,85,65,95
308,254,Sceptile,Base,Grass,NA,530,70,85,65,105,85,120
309,254,Sceptile,Mega Sceptile,Grass,Dragon,630,70,110,75,145,85,145
310,255,Torchic,Base,Fire,NA,310,45,60,40,70,50,45
311,256,Combusken,Base,Fire,Fighting,405,60,85,60,85,60,55
312,257,Blaziken,Base,Fire,Fighting,530,80,120,70,110,70,80
313,257,Blaziken,Mega Blaziken,Fire,Fighting,630,80,160,80,130,80,100
314,258,Mudkip,Base,Water,NA,310,50,70,50,50,50,40
315,259,Marshtomp,Base,Water,Ground,405,70,85,70,60,70,50
316,260,Swampert,Base,Water,Ground,535,100,110,90,85,90,60
317,260,Swampert,Mega Swampert,Water,Ground,635,100,150,110,95,110,70
318,261,Poochyena,Base,Dark,NA,220,35,55,35,30,30,35
319,262,Mightyena,Base,Dark,NA,420,70,90,70,60,60,70
320,263,Zigzagoon,Base,Normal,NA,240,38,30,41,30,41,60
321,263,Zigzagoon,Galarian Zigzagoon,Dark,Normal,240,38,30,41,30,41,60
322,264,Linoone,Base,Normal,NA,420,78,70,61,50,61,100
323,264,Linoone,Galarian Linoone,Dark,Normal,420,78,70,61,50,61,100
324,265,Wurmple,Base,Bug,NA,195,45,45,35,20,30,20
325,266,Silcoon,Base,Bug,NA,205,50,35,55,25,25,15
326,267,Beautifly,Base,Bug,Flying,395,60,70,50,100,50,65
327,268,Cascoon,Base,Bug,NA,205,50,35,55,25,25,15
328,269,Dustox,Base,Bug,Poison,385,60,50,70,50,90,65
329,270,Lotad,Base,Water,Grass,220,40,30,30,40,50,30
330,271,Lombre,Base,Water,Grass,340,60,50,50,60,70,50
331,272,Ludicolo,Base,Water,Grass,480,80,70,70,90,100,70
332,273,Seedot,Base,Grass,NA,220,40,40,50,30,30,30
333,274,Nuzleaf,Base,Grass,Dark,340,70,70,40,60,40,60
334,275,Shiftry,Base,Grass,Dark,480,90,100,60,90,60,80
335,276,Taillow,Base,Normal,Flying,270,40,55,30,30,30,85
336,277,Swellow,Base,Normal,Flying,455,60,85,60,75,50,125
337,278,Wingull,Base,Water,Flying,270,40,30,30,55,30,85
338,279,Pelipper,Base,Water,Flying,440,60,50,100,95,70,65
339,280,Ralts,Base,Psychic,Fairy,198,28,25,25,45,35,40
340,281,Kirlia,Base,Psychic,Fairy,278,38,35,35,65,55,50
341,282,Gardevoir,Base,Psychic,Fairy,518,68,65,65,125,115,80
342,282,Gardevoir,Mega Gardevoir,Psychic,Fairy,618,68,85,65,165,135,100
343,283,Surskit,Base,Bug,Water,269,40,30,32,50,52,65
344,284,Masquerain,Base,Bug,Flying,454,70,60,62,100,82,80
345,285,Shroomish,Base,Grass,NA,295,60,40,60,40,60,35
346,286,Breloom,Base,Grass,Fighting,460,60,130,80,60,60,70
347,287,Slakoth,Base,Normal,NA,280,60,60,60,35,35,30
348,288,Vigoroth,Base,Normal,NA,440,80,80,80,55,55,90
349,289,Slaking,Base,Normal,NA,670,150,160,100,95,65,100
350,290,Nincada,Base,Bug,Ground,266,31,45,90,30,30,40
351,291,Ninjask,Base,Bug,Flying,456,61,90,45,50,50,160
352,292,Shedinja,Base,Bug,Ghost,236,1,90,45,30,30,40
353,293,Whismur,Base,Normal,NA,240,64,51,23,51,23,28
354,294,Loudred,Base,Normal,NA,360,84,71,43,71,43,48
355,295,Exploud,Base,Normal,NA,490,104,91,63,91,73,68
356,296,Makuhita,Base,Fighting,NA,237,72,60,30,20,30,25
357,297,Hariyama,Base,Fighting,NA,474,144,120,60,40,60,50
358,298,Azurill,Base,Normal,Fairy,190,50,20,40,20,40,20
359,299,Nosepass,Base,Rock,NA,375,30,45,135,45,90,30
360,300,Skitty,Base,Normal,NA,260,50,45,45,35,35,50
361,301,Delcatty,Base,Normal,NA,400,70,65,65,55,55,90
362,302,Sableye,Base,Dark,Ghost,380,50,75,75,65,65,50
363,302,Sableye,Mega Sableye,Dark,Ghost,480,50,85,125,85,115,20
364,303,Mawile,Base,Steel,Fairy,380,50,85,85,55,55,50
365,303,Mawile,Mega Mawile,Steel,Fairy,480,50,105,125,55,95,50
366,304,Aron,Base,Steel,Rock,330,50,70,100,40,40,30
367,305,Lairon,Base,Steel,Rock,430,60,90,140,50,50,40
368,306,Aggron,Base,Steel,Rock,530,70,110,180,60,60,50
369,306,Aggron,Mega Aggron,Steel,NA,630,70,140,230,60,80,50
370,307,Meditite,Base,Fighting,Psychic,280,30,40,55,40,55,60
371,308,Medicham,Base,Fighting,Psychic,410,60,60,75,60,75,80
372,308,Medicham,Mega Medicham,Fighting,Psychic,510,60,100,85,80,85,100
373,309,Electrike,Base,Electric,NA,295,40,45,40,65,40,65
374,310,Manectric,Base,Electric,NA,475,70,75,60,105,60,105
375,310,Manectric,Mega Manectric,Electric,NA,575,70,75,80,135,80,135
376,311,Plusle,Base,Electric,NA,405,60,50,40,85,75,95
377,312,Minun,Base,Electric,NA,405,60,40,50,75,85,95
378,313,Volbeat,Base,Bug,NA,430,65,73,75,47,85,85
379,314,Illumise,Base,Bug,NA,430,65,47,75,73,85,85
380,315,Roselia,Base,Grass,Poison,400,50,60,45,100,80,65
381,316,Gulpin,Base,Poison,NA,302,70,43,53,43,53,40
382,317,Swalot,Base,Poison,NA,467,100,73,83,73,83,55
383,318,Carvanha,Base,Water,Dark,305,45,90,20,65,20,65
384,319,Sharpedo,Base,Water,Dark,460,70,120,40,95,40,95
385,319,Sharpedo,Mega Sharpedo,Water,Dark,560,70,140,70,110,65,105
386,320,Wailmer,Base,Water,NA,400,130,70,35,70,35,60
387,321,Wailord,Base,Water,NA,500,170,90,45,90,45,60
388,322,Numel,Base,Fire,Ground,305,60,60,40,65,45,35
389,323,Camerupt,Base,Fire,Ground,460,70,100,70,105,75,40
390,323,Camerupt,Mega Camerupt,Fire,Ground,560,70,120,100,145,105,20
391,324,Torkoal,Base,Fire,NA,470,70,85,140,85,70,20
392,325,Spoink,Base,Psychic,NA,330,60,25,35,70,80,60
393,326,Grumpig,Base,Psychic,NA,470,80,45,65,90,110,80
394,327,Spinda,Base,Normal,NA,360,60,60,60,60,60,60
395,328,Trapinch,Base,Ground,NA,290,45,100,45,45,45,10
396,329,Vibrava,Base,Ground,Dragon,340,50,70,50,50,50,70
397,330,Flygon,Base,Ground,Dragon,520,80,100,80,80,80,100
398,331,Cacnea,Base,Grass,NA,335,50,85,40,85,40,35
399,332,Cacturne,Base,Grass,Dark,475,70,115,60,115,60,55
400,333,Swablu,Base,Normal,Flying,310,45,40,60,40,75,50
401,334,Altaria,Base,Dragon,Flying,490,75,70,90,70,105,80
402,334,Altaria,Mega Altaria,Dragon,Fairy,590,75,110,110,110,105,80
403,335,Zangoose,Base,Normal,NA,458,73,115,60,60,60,90
404,336,Seviper,Base,Poison,NA,458,73,100,60,100,60,65
405,337,Lunatone,Base,Rock,Psychic,460,90,55,65,95,85,70
406,338,Solrock,Base,Rock,Psychic,460,90,95,85,55,65,70
407,339,Barboach,Base,Water,Ground,288,50,48,43,46,41,60
408,340,Whiscash,Base,Water,Ground,468,110,78,73,76,71,60
409,341,Corphish,Base,Water,NA,308,43,80,65,50,35,35
410,342,Crawdaunt,Base,Water,Dark,468,63,120,85,90,55,55
411,343,Baltoy,Base,Ground,Psychic,300,40,40,55,40,70,55
412,344,Claydol,Base,Ground,Psychic,500,60,70,105,70,120,75
413,345,Lileep,Base,Rock,Grass,355,66,41,77,61,87,23
414,346,Cradily,Base,Rock,Grass,495,86,81,97,81,107,43
415,347,Anorith,Base,Rock,Bug,355,45,95,50,40,50,75
416,348,Armaldo,Base,Rock,Bug,495,75,125,100,70,80,45
417,349,Feebas,Base,Water,NA,200,20,15,20,10,55,80
418,350,Milotic,Base,Water,NA,540,95,60,79,100,125,81
419,351,Castform,Base,Normal,NA,420,70,70,70,70,70,70
420,351,Castform,Sunny Form,Fire,NA,420,70,70,70,70,70,70
421,351,Castform,Rainy Form,Water,NA,420,70,70,70,70,70,70
422,351,Castform,Snowy Form,Ice,NA,420,70,70,70,70,70,70
423,352,Kecleon,Base,Normal,NA,440,60,90,70,60,120,40
424,353,Shuppet,Base,Ghost,NA,295,44,75,35,63,33,45
425,354,Banette,Base,Ghost,NA,455,64,115,65,83,63,65
426,354,Banette,Mega Banette,Ghost,NA,555,64,165,75,93,83,75
427,355,Duskull,Base,Ghost,NA,295,20,40,90,30,90,25
428,356,Dusclops,Base,Ghost,NA,455,40,70,130,60,130,25
429,357,Tropius,Base,Grass,Flying,460,99,68,83,72,87,51
430,358,Chimecho,Base,Psychic,NA,455,75,50,80,95,90,65
431,359,Absol,Base,Dark,NA,465,65,130,60,75,60,75
432,359,Absol,Mega Absol,Dark,NA,565,65,150,60,115,60,115
433,360,Wynaut,Base,Psychic,NA,260,95,23,48,23,48,23
434,361,Snorunt,Base,Ice,NA,300,50,50,50,50,50,50
435,362,Glalie,Base,Ice,NA,480,80,80,80,80,80,80
436,362,Glalie,Mega Glalie,Ice,NA,580,80,120,80,120,80,100
437,363,Spheal,Base,Ice,Water,290,70,40,50,55,50,25
438,364,Sealeo,Base,Ice,Water,410,90,60,70,75,70,45
439,365,Walrein,Base,Ice,Water,530,110,80,90,95,90,65
440,366,Clamperl,Base,Water,NA,345,35,64,85,74,55,32
441,367,Huntail,Base,Water,NA,485,55,104,105,94,75,52
442,368,Gorebyss,Base,Water,NA,485,55,84,105,114,75,52
443,369,Relicanth,Base,Water,Rock,485,100,90,130,45,65,55
444,370,Luvdisc,Base,Water,NA,330,43,30,55,40,65,97
445,371,Bagon,Base,Dragon,NA,300,45,75,60,40,30,50
446,372,Shelgon,Base,Dragon,NA,420,65,95,100,60,50,50
447,373,Salamence,Base,Dragon,Flying,600,95,135,80,110,80,100
448,373,Salamence,Mega Salamence,Dragon,Flying,700,95,145,130,120,90,120
449,374,Beldum,Base,Steel,Psychic,300,40,55,80,35,60,30
450,375,Metang,Base,Steel,Psychic,420,60,75,100,55,80,50
451,376,Metagross,Base,Steel,Psychic,600,80,135,130,95,90,70
452,376,Metagross,Mega Metagross,Steel,Psychic,700,80,145,150,105,110,110
453,377,Regirock,Base,Rock,NA,580,80,100,200,50,100,50
454,378,Regice,Base,Ice,NA,580,80,50,100,100,200,50
455,379,Registeel,Base,Steel,NA,580,80,75,150,75,150,50
456,380,Latias,Base,Dragon,Psychic,600,80,80,90,110,130,110
457,380,Latias,Mega Latias,Dragon,Psychic,700,80,100,120,140,150,110
458,381,Latios,Base,Dragon,Psychic,600,80,90,80,130,110,110
459,381,Latios,Mega Latios,Dragon,Psychic,700,80,130,100,160,120,110
460,382,Kyogre,Base,Water,NA,670,100,100,90,150,140,90
461,382,Kyogre,Primal Kyogre,Water,NA,770,100,150,90,180,160,90
462,383,Groudon,Base,Ground,NA,670,100,150,140,100,90,90
463,383,Groudon,Primal Groudon,Ground,Fire,770,100,180,160,150,90,90
464,384,Rayquaza,Base,Dragon,Flying,680,105,150,90,150,90,95
465,384,Rayquaza,Mega Rayquaza,Dragon,Flying,780,105,180,100,180,100,115
466,385,Jirachi,Base,Steel,Psychic,600,100,100,100,100,100,100
467,386,Deoxys,Normal Forme,Psychic,NA,600,50,150,50,150,50,150
468,386,Deoxys,Attack Forme,Psychic,NA,600,50,180,20,180,20,150
469,386,Deoxys,Defense Forme,Psychic,NA,600,50,70,160,70,160,90
470,386,Deoxys,Speed Forme,Psychic,NA,600,50,95,90,95,90,180
471,387,Turtwig,Base,Grass,NA,318,55,68,64,45,55,31
472,388,Grotle,Base,Grass,NA,405,75,89,85,55,65,36
473,389,Torterra,Base,Grass,Ground,525,95,109,105,75,85,56
474,390,Chimchar,Base,Fire,NA,309,44,58,44,58,44,61
475,391,Monferno,Base,Fire,Fighting,405,64,78,52,78,52,81
476,392,Infernape,Base,Fire,Fighting,534,76,104,71,104,71,108
477,393,Piplup,Base,Water,NA,314,53,51,53,61,56,40
478,394,Prinplup,Base,Water,NA,405,64,66,68,81,76,50
479,395,Empoleon,Base,Water,Steel,530,84,86,88,111,101,60
480,396,Starly,Base,Normal,Flying,245,40,55,30,30,30,60
481,397,Staravia,Base,Normal,Flying,340,55,75,50,40,40,80
482,398,Staraptor,Base,Normal,Flying,485,85,120,70,50,60,100
483,399,Bidoof,Base,Normal,NA,250,59,45,40,35,40,31
484,400,Bibarel,Base,Normal,Water,410,79,85,60,55,60,71
485,401,Kricketot,Base,Bug,NA,194,37,25,41,25,41,25
486,402,Kricketune,Base,Bug,NA,384,77,85,51,55,51,65
487,403,Shinx,Base,Electric,NA,263,45,65,34,40,34,45
488,404,Luxio,Base,Electric,NA,363,60,85,49,60,49,60
489,405,Luxray,Base,Electric,NA,523,80,120,79,95,79,70
490,406,Budew,Base,Grass,Poison,280,40,30,35,50,70,55
491,407,Roserade,Base,Grass,Poison,515,60,70,65,125,105,90
492,408,Cranidos,Base,Rock,NA,350,67,125,40,30,30,58
493,409,Rampardos,Base,Rock,NA,495,97,165,60,65,50,58
494,410,Shieldon,Base,Rock,Steel,350,30,42,118,42,88,30
495,411,Bastiodon,Base,Rock,Steel,495,60,52,168,47,138,30
496,412,Burmy,Base,Bug,NA,224,40,29,45,29,45,36
497,413,Wormadam,Plant Cloak,Bug,Grass,424,60,59,85,79,105,36
498,413,Wormadam,Sandy Cloak,Bug,Ground,424,60,79,105,59,85,36
499,413,Wormadam,Trash Cloak,Bug,Steel,424,60,69,95,69,95,36
500,414,Mothim,Base,Bug,Flying,424,70,94,50,94,50,66
501,415,Combee,Base,Bug,Flying,244,30,30,42,30,42,70
502,416,Vespiquen,Base,Bug,Flying,474,70,80,102,80,102,40
503,417,Pachirisu,Base,Electric,NA,405,60,45,70,45,90,95
504,418,Buizel,Base,Water,NA,330,55,65,35,60,30,85
505,419,Floatzel,Base,Water,NA,495,85,105,55,85,50,115
506,420,Cherubi,Base,Grass,NA,275,45,35,45,62,53,35
507,421,Cherrim,Base,Grass,NA,450,70,60,70,87,78,85
508,422,Shellos,Base,Water,NA,325,76,48,48,57,62,34
509,423,Gastrodon,Base,Water,Ground,475,111,83,68,92,82,39
510,424,Ambipom,Base,Normal,NA,482,75,100,66,60,66,115
511,425,Drifloon,Base,Ghost,Flying,348,90,50,34,60,44,70
512,426,Drifblim,Base,Ghost,Flying,498,150,80,44,90,54,80
513,427,Buneary,Base,Normal,NA,350,55,66,44,44,56,85
514,428,Lopunny,Base,Normal,NA,480,65,76,84,54,96,105
515,428,Lopunny,Mega Lopunny,Normal,Fighting,580,65,136,94,54,96,135
516,429,Mismagius,Base,Ghost,NA,495,60,60,60,105,105,105
517,430,Honchkrow,Base,Dark,Flying,505,100,125,52,105,52,71
518,431,Glameow,Base,Normal,NA,310,49,55,42,42,37,85
519,432,Purugly,Base,Normal,NA,452,71,82,64,64,59,112
520,433,Chingling,Base,Psychic,NA,285,45,30,50,65,50,45
521,434,Stunky,Base,Poison,Dark,329,63,63,47,41,41,74
522,435,Skuntank,Base,Poison,Dark,479,103,93,67,71,61,84
523,436,Bronzor,Base,Steel,Psychic,300,57,24,86,24,86,23
524,437,Bronzong,Base,Steel,Psychic,500,67,89,116,79,116,33
525,438,Bonsly,Base,Rock,NA,290,50,80,95,10,45,10
526,439,Mime Jr.,Base,Psychic,Fairy,310,20,25,45,70,90,60
527,440,Happiny,Base,Normal,NA,220,100,5,5,15,65,30
528,441,Chatot,Base,Normal,Flying,411,76,65,45,92,42,91
529,442,Spiritomb,Base,Ghost,Dark,485,50,92,108,92,108,35
530,443,Gible,Base,Dragon,Ground,300,58,70,45,40,45,42
531,444,Gabite,Base,Dragon,Ground,410,68,90,65,50,55,82
532,445,Garchomp,Base,Dragon,Ground,600,108,130,95,80,85,102
533,445,Garchomp,Mega Garchomp,Dragon,Ground,700,108,170,115,120,95,92
534,446,Munchlax,Base,Normal,NA,390,135,85,40,40,85,5
535,447,Riolu,Base,Fighting,NA,285,40,70,40,35,40,60
536,448,Lucario,Base,Fighting,Steel,525,70,110,70,115,70,90
537,448,Lucario,Mega Lucario,Fighting,Steel,625,70,145,88,140,70,112
538,449,Hippopotas,Base,Ground,NA,330,68,72,78,38,42,32
539,450,Hippowdon,Base,Ground,NA,525,108,112,118,68,72,47
540,451,Skorupi,Base,Poison,Bug,330,40,50,90,30,55,65
541,452,Drapion,Base,Poison,Dark,500,70,90,110,60,75,95
542,453,Croagunk,Base,Poison,Fighting,300,48,61,40,61,40,50
543,454,Toxicroak,Base,Poison,Fighting,490,83,106,65,86,65,85
544,455,Carnivine,Base,Grass,NA,454,74,100,72,90,72,46
545,456,Finneon,Base,Water,NA,330,49,49,56,49,61,66
546,457,Lumineon,Base,Water,NA,460,69,69,76,69,86,91
547,458,Mantyke,Base,Water,Flying,345,45,20,50,60,120,50
548,459,Snover,Base,Grass,Ice,334,60,62,50,62,60,40
549,460,Abomasnow,Base,Grass,Ice,494,90,92,75,92,85,60
550,460,Abomasnow,Mega Abomasnow,Grass,Ice,594,90,132,105,132,105,30
551,461,Weavile,Base,Dark,Ice,510,70,120,65,45,85,125
552,462,Magnezone,Base,Electric,Steel,535,70,70,115,130,90,60
553,463,Lickilicky,Base,Normal,NA,515,110,85,95,80,95,50
554,464,Rhyperior,Base,Ground,Rock,535,115,140,130,55,55,40
555,465,Tangrowth,Base,Grass,NA,535,100,100,125,110,50,50
556,466,Electivire,Base,Electric,NA,540,75,123,67,95,85,95
557,467,Magmortar,Base,Fire,NA,540,75,95,67,125,95,83
558,468,Togekiss,Base,Fairy,Flying,545,85,50,95,120,115,80
559,469,Yanmega,Base,Bug,Flying,515,86,76,86,116,56,95
560,470,Leafeon,Base,Grass,NA,525,65,110,130,60,65,95
561,471,Glaceon,Base,Ice,NA,525,65,60,110,130,95,65
562,472,Gliscor,Base,Ground,Flying,510,75,95,125,45,75,95
563,473,Mamoswine,Base,Ice,Ground,530,110,130,80,70,60,80
564,474,Porygon-Z,Base,Normal,NA,535,85,80,70,135,75,90
565,475,Gallade,Base,Psychic,Fighting,518,68,125,65,65,115,80
566,475,Gallade,Mega Gallade,Psychic,Fighting,618,68,165,95,65,115,110
567,476,Probopass,Base,Rock,Steel,525,60,55,145,75,150,40
568,477,Dusknoir,Base,Ghost,NA,525,45,100,135,65,135,45
569,478,Froslass,Base,Ice,Ghost,480,70,80,70,80,70,110
570,479,Rotom,Base,Electric,Ghost,440,50,50,77,95,77,91
571,479,Rotom,Heat Rotom,Electric,Fire,520,50,65,107,105,107,86
572,479,Rotom,Wash Rotom,Electric,Water,520,50,65,107,105,107,86
573,479,Rotom,Frost Rotom,Electric,Ice,520,50,65,107,105,107,86
574,479,Rotom,Fan Rotom,Electric,Flying,520,50,65,107,105,107,86
575,479,Rotom,Mow Rotom,Electric,Grass,520,50,65,107,105,107,86
576,480,Uxie,Base,Psychic,NA,580,75,75,130,75,130,95
577,481,Mesprit,Base,Psychic,NA,580,80,105,105,105,105,80
578,482,Azelf,Base,Psychic,NA,580,75,125,70,125,70,115
579,483,Dialga,Base,Steel,Dragon,680,100,120,120,150,100,90
580,484,Palkia,Base,Water,Dragon,680,90,120,100,150,120,100
581,485,Heatran,Base,Fire,Steel,600,91,90,106,130,106,77
582,486,Regigigas,Base,Normal,NA,670,110,160,110,80,110,100
583,487,Giratina,Altered Forme,Ghost,Dragon,680,150,100,120,100,120,90
584,487,Giratina,Origin Forme,Ghost,Dragon,680,150,120,100,120,100,90
585,488,Cresselia,Base,Psychic,NA,600,120,70,120,75,130,85
586,489,Phione,Base,Water,NA,480,80,80,80,80,80,80
587,490,Manaphy,Base,Water,NA,600,100,100,100,100,100,100
588,491,Darkrai,Base,Dark,NA,600,70,90,90,135,90,125
589,492,Shaymin,Land Forme,Grass,NA,600,100,100,100,100,100,100
590,492,Shaymin,Sky Forme,Grass,Flying,600,100,103,75,120,75,127
591,493,Arceus,Base,Normal,NA,720,120,120,120,120,120,120
592,494,Victini,Base,Psychic,Fire,600,100,100,100,100,100,100
593,495,Snivy,Base,Grass,NA,308,45,45,55,45,55,63
594,496,Servine,Base,Grass,NA,413,60,60,75,60,75,83
595,497,Serperior,Base,Grass,NA,528,75,75,95,75,95,113
596,498,Tepig,Base,Fire,NA,308,65,63,45,45,45,45
597,499,Pignite,Base,Fire,Fighting,418,90,93,55,70,55,55
598,500,Emboar,Base,Fire,Fighting,528,110,123,65,100,65,65
599,501,Oshawott,Base,Water,NA,308,55,55,45,63,45,45
600,502,Dewott,Base,Water,NA,413,75,75,60,83,60,60
601,503,Samurott,Base,Water,NA,528,95,100,85,108,70,70
602,504,Patrat,Base,Normal,NA,255,45,55,39,35,39,42
603,505,Watchog,Base,Normal,NA,420,60,85,69,60,69,77
604,506,Lillipup,Base,Normal,NA,275,45,60,45,25,45,55
605,507,Herdier,Base,Normal,NA,370,65,80,65,35,65,60
606,508,Stoutland,Base,Normal,NA,500,85,110,90,45,90,80
607,509,Purrloin,Base,Dark,NA,281,41,50,37,50,37,66
608,510,Liepard,Base,Dark,NA,446,64,88,50,88,50,106
609,511,Pansage,Base,Grass,NA,316,50,53,48,53,48,64
610,512,Simisage,Base,Grass,NA,498,75,98,63,98,63,101
611,513,Pansear,Base,Fire,NA,316,50,53,48,53,48,64
612,514,Simisear,Base,Fire,NA,498,75,98,63,98,63,101
613,515,Panpour,Base,Water,NA,316,50,53,48,53,48,64
614,516,Simipour,Base,Water,NA,498,75,98,63,98,63,101
615,517,Munna,Base,Psychic,NA,292,76,25,45,67,55,24
616,518,Musharna,Base,Psychic,NA,487,116,55,85,107,95,29
617,519,Pidove,Base,Normal,Flying,264,50,55,50,36,30,43
618,520,Tranquill,Base,Normal,Flying,358,62,77,62,50,42,65
619,521,Unfezant,Base,Normal,Flying,488,80,115,80,65,55,93
620,522,Blitzle,Base,Electric,NA,295,45,60,32,50,32,76
621,523,Zebstrika,Base,Electric,NA,497,75,100,63,80,63,116
622,524,Roggenrola,Base,Rock,NA,280,55,75,85,25,25,15
623,525,Boldore,Base,Rock,NA,390,70,105,105,50,40,20
624,526,Gigalith,Base,Rock,NA,515,85,135,130,60,80,25
625,527,Woobat,Base,Psychic,Flying,323,65,45,43,55,43,72
626,528,Swoobat,Base,Psychic,Flying,425,67,57,55,77,55,114
627,529,Drilbur,Base,Ground,NA,328,60,85,40,30,45,68
628,530,Excadrill,Base,Ground,Steel,508,110,135,60,50,65,88
629,531,Audino,Base,Normal,NA,445,103,60,86,60,86,50
630,531,Audino,Mega Audino,Normal,Fairy,545,103,60,126,80,126,50
631,532,Timburr,Base,Fighting,NA,305,75,80,55,25,35,35
632,533,Gurdurr,Base,Fighting,NA,405,85,105,85,40,50,40
633,534,Conkeldurr,Base,Fighting,NA,505,105,140,95,55,65,45
634,535,Tympole,Base,Water,NA,294,50,50,40,50,40,64
635,536,Palpitoad,Base,Water,Ground,384,75,65,55,65,55,69
636,537,Seismitoad,Base,Water,Ground,509,105,95,75,85,75,74
637,538,Throh,Base,Fighting,NA,465,120,100,85,30,85,45
638,539,Sawk,Base,Fighting,NA,465,75,125,75,30,75,85
639,540,Sewaddle,Base,Bug,Grass,310,45,53,70,40,60,42
640,541,Swadloon,Base,Bug,Grass,380,55,63,90,50,80,42
641,542,Leavanny,Base,Bug,Grass,500,75,103,80,70,80,92
642,543,Venipede,Base,Bug,Poison,260,30,45,59,30,39,57
643,544,Whirlipede,Base,Bug,Poison,360,40,55,99,40,79,47
644,545,Scolipede,Base,Bug,Poison,485,60,100,89,55,69,112
645,546,Cottonee,Base,Grass,Fairy,280,40,27,60,37,50,66
646,547,Whimsicott,Base,Grass,Fairy,480,60,67,85,77,75,116
647,548,Petilil,Base,Grass,NA,280,45,35,50,70,50,30
648,549,Lilligant,Base,Grass,NA,480,70,60,75,110,75,90
649,550,Basculin,Red-Striped Form,Water,NA,460,70,92,65,80,55,98
650,550,Basculin,Blue-Striped Form,Water,NA,460,70,92,65,80,55,98
651,551,Sandile,Base,Ground,Dark,292,50,72,35,35,35,65
652,552,Krokorok,Base,Ground,Dark,351,60,82,45,45,45,74
653,553,Krookodile,Base,Ground,Dark,519,95,117,80,65,70,92
654,554,Darumaka,Base,Fire,NA,315,70,90,45,15,45,50
655,554,Darumaka,Galarian Darumaka,Ice,NA,315,70,90,45,15,45,50
656,555,Darmanitan,Standard Mode,Fire,NA,480,105,140,55,30,55,95
657,555,Darmanitan,Zen Mode,Fire,Psychic,540,105,30,105,140,105,55
658,555,Darmanitan,Galarian Standard Mode,Ice,NA,480,105,140,55,30,55,95
659,555,Darmanitan,Galarian Zen Mode,Ice,Fire,540,105,160,55,30,55,135
660,556,Maractus,Base,Grass,NA,461,75,86,67,106,67,60
661,557,Dwebble,Base,Bug,Rock,325,50,65,85,35,35,55
662,558,Crustle,Base,Bug,Rock,485,70,105,125,65,75,45
663,559,Scraggy,Base,Dark,Fighting,348,50,75,70,35,70,48
664,560,Scrafty,Base,Dark,Fighting,488,65,90,115,45,115,58
665,561,Sigilyph,Base,Psychic,Flying,490,72,58,80,103,80,97
666,562,Yamask,Base,Ghost,NA,303,38,30,85,55,65,30
667,562,Yamask,Galarian Yamask,Ground,Ghost,303,38,55,85,30,65,30
668,563,Cofagrigus,Base,Ghost,NA,483,58,50,145,95,105,30
669,564,Tirtouga,Base,Water,Rock,355,54,78,103,53,45,22
670,565,Carracosta,Base,Water,Rock,495,74,108,133,83,65,32
671,566,Archen,Base,Rock,Flying,401,55,112,45,74,45,70
672,567,Archeops,Base,Rock,Flying,567,75,140,65,112,65,110
673,568,Trubbish,Base,Poison,NA,329,50,50,62,40,62,65
674,569,Garbodor,Base,Poison,NA,474,80,95,82,60,82,75
675,570,Zorua,Base,Dark,NA,330,40,65,40,80,40,65
676,571,Zoroark,Base,Dark,NA,510,60,105,60,120,60,105
677,572,Minccino,Base,Normal,NA,300,55,50,40,40,40,75
678,573,Cinccino,Base,Normal,NA,470,75,95,60,65,60,115
679,574,Gothita,Base,Psychic,NA,290,45,30,50,55,65,45
680,575,Gothorita,Base,Psychic,NA,390,60,45,70,75,85,55
681,576,Gothitelle,Base,Psychic,NA,490,70,55,95,95,110,65
682,577,Solosis,Base,Psychic,NA,290,45,30,40,105,50,20
683,578,Duosion,Base,Psychic,NA,370,65,40,50,125,60,30
684,579,Reuniclus,Base,Psychic,NA,490,110,65,75,125,85,30
685,580,Ducklett,Base,Water,Flying,305,62,44,50,44,50,55
686,581,Swanna,Base,Water,Flying,473,75,87,63,87,63,98
687,582,Vanillite,Base,Ice,NA,305,36,50,50,65,60,44
688,583,Vanillish,Base,Ice,NA,395,51,65,65,80,75,59
689,584,Vanilluxe,Base,Ice,NA,535,71,95,85,110,95,79
690,585,Deerling,Base,Normal,Grass,335,60,60,50,40,50,75
691,586,Sawsbuck,Base,Normal,Grass,475,80,100,70,60,70,95
692,587,Emolga,Base,Electric,Flying,428,55,75,60,75,60,103
693,588,Karrablast,Base,Bug,NA,315,50,75,45,40,45,60
694,589,Escavalier,Base,Bug,Steel,495,70,135,105,60,105,20
695,590,Foongus,Base,Grass,Poison,294,69,55,45,55,55,15
696,591,Amoonguss,Base,Grass,Poison,464,114,85,70,85,80,30
697,592,Frillish,Base,Water,Ghost,335,55,40,50,65,85,40
698,593,Jellicent,Base,Water,Ghost,480,100,60,70,85,105,60
699,594,Alomomola,Base,Water,NA,470,165,75,80,40,45,65
700,595,Joltik,Base,Bug,Electric,319,50,47,50,57,50,65
701,596,Galvantula,Base,Bug,Electric,472,70,77,60,97,60,108
702,597,Ferroseed,Base,Grass,Steel,305,44,50,91,24,86,10
703,598,Ferrothorn,Base,Grass,Steel,489,74,94,131,54,116,20
704,599,Klink,Base,Steel,NA,300,40,55,70,45,60,30
705,600,Klang,Base,Steel,NA,440,60,80,95,70,85,50
706,601,Klinklang,Base,Steel,NA,520,60,100,115,70,85,90
707,602,Tynamo,Base,Electric,NA,275,35,55,40,45,40,60
708,603,Eelektrik,Base,Electric,NA,405,65,85,70,75,70,40
709,604,Eelektross,Base,Electric,NA,515,85,115,80,105,80,50
710,605,Elgyem,Base,Psychic,NA,335,55,55,55,85,55,30
711,606,Beheeyem,Base,Psychic,NA,485,75,75,75,125,95,40
712,607,Litwick,Base,Ghost,Fire,275,50,30,55,65,55,20
713,608,Lampent,Base,Ghost,Fire,370,60,40,60,95,60,55
714,609,Chandelure,Base,Ghost,Fire,520,60,55,90,145,90,80
715,610,Axew,Base,Dragon,NA,320,46,87,60,30,40,57
716,611,Fraxure,Base,Dragon,NA,410,66,117,70,40,50,67
717,612,Haxorus,Base,Dragon,NA,540,76,147,90,60,70,97
718,613,Cubchoo,Base,Ice,NA,305,55,70,40,60,40,40
719,614,Beartic,Base,Ice,NA,505,95,130,80,70,80,50
720,615,Cryogonal,Base,Ice,NA,515,80,50,50,95,135,105
721,616,Shelmet,Base,Bug,NA,305,50,40,85,40,65,25
722,617,Accelgor,Base,Bug,NA,495,80,70,40,100,60,145
723,618,Stunfisk,Base,Ground,Electric,471,109,66,84,81,99,32
724,618,Stunfisk,Galarian Stunfisk,Ground,Steel,471,109,81,99,66,84,32
725,619,Mienfoo,Base,Fighting,NA,350,45,85,50,55,50,65
726,620,Mienshao,Base,Fighting,NA,510,65,125,60,95,60,105
727,621,Druddigon,Base,Dragon,NA,485,77,120,90,60,90,48
728,622,Golett,Base,Ground,Ghost,303,59,74,50,35,50,35
729,623,Golurk,Base,Ground,Ghost,483,89,124,80,55,80,55
730,624,Pawniard,Base,Dark,Steel,340,45,85,70,40,40,60
731,625,Bisharp,Base,Dark,Steel,490,65,125,100,60,70,70
732,626,Bouffalant,Base,Normal,NA,490,95,110,95,40,95,55
733,627,Rufflet,Base,Normal,Flying,350,70,83,50,37,50,60
734,628,Braviary,Base,Normal,Flying,510,100,123,75,57,75,80
735,629,Vullaby,Base,Dark,Flying,370,70,55,75,45,65,60
736,630,Mandibuzz,Base,Dark,Flying,510,110,65,105,55,95,80
737,631,Heatmor,Base,Fire,NA,484,85,97,66,105,66,65
738,632,Durant,Base,Bug,Steel,484,58,109,112,48,48,109
739,633,Deino,Base,Dark,Dragon,300,52,65,50,45,50,38
740,634,Zweilous,Base,Dark,Dragon,420,72,85,70,65,70,58
741,635,Hydreigon,Base,Dark,Dragon,600,92,105,90,125,90,98
742,636,Larvesta,Base,Bug,Fire,360,55,85,55,50,55,60
743,637,Volcarona,Base,Bug,Fire,550,85,60,65,135,105,100
744,638,Cobalion,Base,Steel,Fighting,580,91,90,129,90,72,108
745,639,Terrakion,Base,Rock,Fighting,580,91,129,90,72,90,108
746,640,Virizion,Base,Grass,Fighting,580,91,90,72,90,129,108
747,641,Tornadus,Incarnate Forme,Flying,NA,580,79,115,70,125,80,111
748,641,Tornadus,Therian Forme,Flying,NA,580,79,100,80,110,90,121
749,642,Thundurus,Incarnate Forme,Electric,Flying,580,79,115,70,125,80,111
750,642,Thundurus,Therian Forme,Electric,Flying,580,79,105,70,145,80,101
751,643,Reshiram,Base,Dragon,Fire,680,100,120,100,150,120,90
752,644,Zekrom,Base,Dragon,Electric,680,100,150,120,120,100,90
753,645,Landorus,Incarnate Forme,Ground,Flying,600,89,125,90,115,80,101
754,645,Landorus,Therian Forme,Ground,Flying,600,89,145,90,105,80,91
755,646,Kyurem,Base,Dragon,Ice,660,125,130,90,130,90,95
756,646,Kyurem,Black Kyurem,Dragon,Ice,700,125,170,100,120,90,95
757,646,Kyurem,White Kyurem,Dragon,Ice,700,125,120,90,170,100,95
758,647,Keldeo,Ordinary Form,Water,Fighting,580,91,72,90,129,90,108
759,647,Keldeo,Resolute Form,Water,Fighting,580,91,72,90,129,90,108
760,648,Meloetta,Aria Forme,Normal,Psychic,600,100,77,77,128,128,90
761,648,Meloetta,Pirouette Forme,Normal,Fighting,600,100,128,90,77,77,128
762,649,Genesect,Base,Bug,Steel,600,71,120,95,120,95,99
763,650,Chespin,Base,Grass,NA,313,56,61,65,48,45,38
764,651,Quilladin,Base,Grass,NA,405,61,78,95,56,58,57
765,652,Chesnaught,Base,Grass,Fighting,530,88,107,122,74,75,64
766,653,Fennekin,Base,Fire,NA,307,40,45,40,62,60,60
767,654,Braixen,Base,Fire,NA,409,59,59,58,90,70,73
768,655,Delphox,Base,Fire,Psychic,534,75,69,72,114,100,104
769,656,Froakie,Base,Water,NA,314,41,56,40,62,44,71
770,657,Frogadier,Base,Water,NA,405,54,63,52,83,56,97
771,658,Greninja,Base,Water,Dark,530,72,95,67,103,71,122
772,658,Greninja,Ash-Greninja,Water,Dark,640,72,145,67,153,71,132
773,659,Bunnelby,Base,Normal,NA,237,38,36,38,32,36,57
774,660,Diggersby,Base,Normal,Ground,423,85,56,77,50,77,78
775,661,Fletchling,Base,Normal,Flying,278,45,50,43,40,38,62
776,662,Fletchinder,Base,Fire,Flying,382,62,73,55,56,52,84
777,663,Talonflame,Base,Fire,Flying,499,78,81,71,74,69,126
778,664,Scatterbug,Base,Bug,NA,200,38,35,40,27,25,35
779,665,Spewpa,Base,Bug,NA,213,45,22,60,27,30,29
780,666,Vivillon,Base,Bug,Flying,411,80,52,50,90,50,89
781,667,Litleo,Base,Fire,Normal,369,62,50,58,73,54,72
782,668,Pyroar,Base,Fire,Normal,507,86,68,72,109,66,106
783,669,Flabébé,Base,Fairy,NA,303,44,38,39,61,79,42
784,670,Floette,Base,Fairy,NA,371,54,45,47,75,98,52
785,671,Florges,Base,Fairy,NA,552,78,65,68,112,154,75
786,672,Skiddo,Base,Grass,NA,350,66,65,48,62,57,52
787,673,Gogoat,Base,Grass,NA,531,123,100,62,97,81,68
788,674,Pancham,Base,Fighting,NA,348,67,82,62,46,48,43
789,675,Pangoro,Base,Fighting,Dark,495,95,124,78,69,71,58
790,676,Furfrou,Base,Normal,NA,472,75,80,60,65,90,102
791,677,Espurr,Base,Psychic,NA,355,62,48,54,63,60,68
792,678,Meowstic,Male,Psychic,NA,466,74,48,76,83,81,104
793,678,Meowstic,Female,Psychic,NA,466,74,48,76,83,81,104
794,679,Honedge,Base,Steel,Ghost,325,45,80,100,35,37,28
795,680,Doublade,Base,Steel,Ghost,448,59,110,150,45,49,35
796,681,Aegislash,Shield Forme,Steel,Ghost,500,60,50,140,50,140,60
797,681,Aegislash,Blade Forme,Steel,Ghost,500,60,140,50,140,50,60
798,682,Spritzee,Base,Fairy,NA,341,78,52,60,63,65,23
799,683,Aromatisse,Base,Fairy,NA,462,101,72,72,99,89,29
800,684,Swirlix,Base,Fairy,NA,341,62,48,66,59,57,49
801,685,Slurpuff,Base,Fairy,NA,480,82,80,86,85,75,72
802,686,Inkay,Base,Dark,Psychic,288,53,54,53,37,46,45
803,687,Malamar,Base,Dark,Psychic,482,86,92,88,68,75,73
804,688,Binacle,Base,Rock,Water,306,42,52,67,39,56,50
805,689,Barbaracle,Base,Rock,Water,500,72,105,115,54,86,68
806,690,Skrelp,Base,Poison,Water,320,50,60,60,60,60,30
807,691,Dragalge,Base,Poison,Dragon,494,65,75,90,97,123,44
808,692,Clauncher,Base,Water,NA,330,50,53,62,58,63,44
809,693,Clawitzer,Base,Water,NA,500,71,73,88,120,89,59
810,694,Helioptile,Base,Electric,Normal,289,44,38,33,61,43,70
811,695,Heliolisk,Base,Electric,Normal,481,62,55,52,109,94,109
812,696,Tyrunt,Base,Rock,Dragon,362,58,89,77,45,45,48
813,697,Tyrantrum,Base,Rock,Dragon,521,82,121,119,69,59,71
814,698,Amaura,Base,Rock,Ice,362,77,59,50,67,63,46
815,699,Aurorus,Base,Rock,Ice,521,123,77,72,99,92,58
816,700,Sylveon,Base,Fairy,NA,525,95,65,65,110,130,60
817,701,Hawlucha,Base,Fighting,Flying,500,78,92,75,74,63,118
818,702,Dedenne,Base,Electric,Fairy,431,67,58,57,81,67,101
819,703,Carbink,Base,Rock,Fairy,500,50,50,150,50,150,50
820,704,Goomy,Base,Dragon,NA,300,45,50,35,55,75,40
821,705,Sliggoo,Base,Dragon,NA,452,68,75,53,83,113,60
822,706,Goodra,Base,Dragon,NA,600,90,100,70,110,150,80
823,707,Klefki,Base,Steel,Fairy,470,57,80,91,80,87,75
824,708,Phantump,Base,Ghost,Grass,309,43,70,48,50,60,38
825,709,Trevenant,Base,Ghost,Grass,474,85,110,76,65,82,56
826,710,Pumpkaboo,Average Size,Ghost,Grass,335,49,66,70,44,55,51
827,710,Pumpkaboo,Small Size,Ghost,Grass,335,44,66,70,44,55,56
828,710,Pumpkaboo,Large Size,Ghost,Grass,335,54,66,70,44,55,46
829,710,Pumpkaboo,Super Size,Ghost,Grass,335,59,66,70,44,55,41
830,711,Gourgeist,Average Size,Ghost,Grass,494,65,90,122,58,75,84
831,711,Gourgeist,Small Size,Ghost,Grass,494,55,85,122,58,75,99
832,711,Gourgeist,Large Size,Ghost,Grass,494,75,95,122,58,75,69
833,711,Gourgeist,Super Size,Ghost,Grass,494,85,100,122,58,75,54
834,712,Bergmite,Base,Ice,NA,304,55,69,85,32,35,28
835,713,Avalugg,Base,Ice,NA,514,95,117,184,44,46,28
836,714,Noibat,Base,Flying,Dragon,245,40,30,35,45,40,55
837,715,Noivern,Base,Flying,Dragon,535,85,70,80,97,80,123
838,716,Xerneas,Base,Fairy,NA,680,126,131,95,131,98,99
839,717,Yveltal,Base,Dark,Flying,680,126,131,95,131,98,99
840,718,Zygarde50% Forme,Base,Dragon,Ground,600,108,100,121,81,95,95
841,718,Zygarde10% Forme,Base,Dragon,Ground,486,54,100,71,61,85,115
842,718,Zygarde,Complete Forme,Dragon,Ground,708,216,100,121,91,95,85
843,719,Diancie,Base,Rock,Fairy,600,50,100,150,100,150,50
844,719,Diancie,Mega Diancie,Rock,Fairy,700,50,160,110,160,110,110
845,720,Hoopa,Hoopa Confined,Psychic,Ghost,600,80,110,60,150,130,70
846,720,Hoopa,Hoopa Unbound,Psychic,Dark,680,80,160,60,170,130,80
847,721,Volcanion,Base,Fire,Water,600,80,110,120,130,90,70
848,722,Rowlet,Base,Grass,Flying,320,68,55,55,50,50,42
849,723,Dartrix,Base,Grass,Flying,420,78,75,75,70,70,52
850,724,Decidueye,Base,Grass,Ghost,530,78,107,75,100,100,70
851,725,Litten,Base,Fire,NA,320,45,65,40,60,40,70
852,726,Torracat,Base,Fire,NA,420,65,85,50,80,50,90
853,727,Incineroar,Base,Fire,Dark,530,95,115,90,80,90,60
854,728,Popplio,Base,Water,NA,320,50,54,54,66,56,40
855,729,Brionne,Base,Water,NA,420,60,69,69,91,81,50
856,730,Primarina,Base,Water,Fairy,530,80,74,74,126,116,60
857,731,Pikipek,Base,Normal,Flying,265,35,75,30,30,30,65
858,732,Trumbeak,Base,Normal,Flying,355,55,85,50,40,50,75
859,733,Toucannon,Base,Normal,Flying,485,80,120,75,75,75,60
860,734,Yungoos,Base,Normal,NA,253,48,70,30,30,30,45
861,735,Gumshoos,Base,Normal,NA,418,88,110,60,55,60,45
862,736,Grubbin,Base,Bug,NA,300,47,62,45,55,45,46
863,737,Charjabug,Base,Bug,Electric,400,57,82,95,55,75,36
864,738,Vikavolt,Base,Bug,Electric,500,77,70,90,145,75,43
865,739,Crabrawler,Base,Fighting,NA,338,47,82,57,42,47,63
866,740,Crabominable,Base,Fighting,Ice,478,97,132,77,62,67,43
867,741,Oricorio,Baile Style,Fire,Flying,476,75,70,70,98,70,93
868,741,Oricorio,Pom-Pom Style,Electric,Flying,476,75,70,70,98,70,93
869,741,Oricorio,Pa'u Style,Psychic,Flying,476,75,70,70,98,70,93
870,741,Oricorio,Sensu Style,Ghost,Flying,476,75,70,70,98,70,93
871,742,Cutiefly,Base,Bug,Fairy,304,40,45,40,55,40,84
872,743,Ribombee,Base,Bug,Fairy,464,60,55,60,95,70,124
873,744,Rockruff,Base,Rock,NA,280,45,65,40,30,40,60
874,744,Rockruff,Own Tempo Rockruff,Rock,NA,280,45,65,40,30,40,60
875,745,Lycanroc,Midday Form,Rock,NA,487,75,115,65,55,65,112
876,745,Lycanroc,Midnight Form,Rock,NA,487,85,115,75,55,75,82
877,745,Lycanroc,Dusk Form,Rock,NA,487,75,117,65,55,65,110
878,746,Wishiwashi,Solo Form,Water,NA,175,45,20,20,25,25,40
879,746,Wishiwashi,School Form,Water,NA,620,45,140,130,140,135,30
880,747,Mareanie,Base,Poison,Water,305,50,53,62,43,52,45
881,748,Toxapex,Base,Poison,Water,495,50,63,152,53,142,35
882,749,Mudbray,Base,Ground,NA,385,70,100,70,45,55,45
883,750,Mudsdale,Base,Ground,NA,500,100,125,100,55,85,35
884,751,Dewpider,Base,Water,Bug,269,38,40,52,40,72,27
885,752,Araquanid,Base,Water,Bug,454,68,70,92,50,132,42
886,753,Fomantis,Base,Grass,NA,250,40,55,35,50,35,35
887,754,Lurantis,Base,Grass,NA,480,70,105,90,80,90,45
888,755,Morelull,Base,Grass,Fairy,285,40,35,55,65,75,15
889,756,Shiinotic,Base,Grass,Fairy,405,60,45,80,90,100,30
890,757,Salandit,Base,Poison,Fire,320,48,44,40,71,40,77
891,758,Salazzle,Base,Poison,Fire,480,68,64,60,111,60,117
892,759,Stufful,Base,Normal,Fighting,340,70,75,50,45,50,50
893,760,Bewear,Base,Normal,Fighting,500,120,125,80,55,60,60
894,761,Bounsweet,Base,Grass,NA,210,42,30,38,30,38,32
895,762,Steenee,Base,Grass,NA,290,52,40,48,40,48,62
896,763,Tsareena,Base,Grass,NA,510,72,120,98,50,98,72
897,764,Comfey,Base,Fairy,NA,485,51,52,90,82,110,100
898,765,Oranguru,Base,Normal,Psychic,490,90,60,80,90,110,60
899,766,Passimian,Base,Fighting,NA,490,100,120,90,40,60,80
900,767,Wimpod,Base,Bug,Water,230,25,35,40,20,30,80
901,768,Golisopod,Base,Bug,Water,530,75,125,140,60,90,40
902,769,Sandygast,Base,Ghost,Ground,320,55,55,80,70,45,15
903,770,Palossand,Base,Ghost,Ground,480,85,75,110,100,75,35
904,771,Pyukumuku,Base,Water,NA,410,55,60,130,30,130,5
905,772,Type: Null,Base,Normal,NA,534,95,95,95,95,95,59
906,773,Silvally,Base,Normal,NA,570,95,95,95,95,95,95
907,774,Minior,Meteor Form,Rock,Flying,440,60,60,100,60,100,60
908,774,Minior,Core Form,Rock,Flying,500,60,100,60,100,60,120
909,775,Komala,Base,Normal,NA,480,65,115,65,75,95,65
910,776,Turtonator,Base,Fire,Dragon,485,60,78,135,91,85,36
911,777,Togedemaru,Base,Electric,Steel,435,65,98,63,40,73,96
912,778,Mimikyu,Base,Ghost,Fairy,476,55,90,80,50,105,96
913,779,Bruxish,Base,Water,Psychic,475,68,105,70,70,70,92
914,780,Drampa,Base,Normal,Dragon,485,78,60,85,135,91,36
915,781,Dhelmise,Base,Ghost,Grass,517,70,131,100,86,90,40
916,782,Jangmo-o,Base,Dragon,NA,300,45,55,65,45,45,45
917,783,Hakamo-o,Base,Dragon,Fighting,420,55,75,90,65,70,65
918,784,Kommo-o,Base,Dragon,Fighting,600,75,110,125,100,105,85
919,785,Tapu Koko,Base,Electric,Fairy,570,70,115,85,95,75,130
920,786,Tapu Lele,Base,Psychic,Fairy,570,70,85,75,130,115,95
921,787,Tapu Bulu,Base,Grass,Fairy,570,70,130,115,85,95,75
922,788,Tapu Fini,Base,Water,Fairy,570,70,75,115,95,130,85
923,789,Cosmog,Base,Psychic,NA,200,43,29,31,29,31,37
924,790,Cosmoem,Base,Psychic,NA,400,43,29,131,29,131,37
925,791,Solgaleo,Base,Psychic,Steel,680,137,137,107,113,89,97
926,792,Lunala,Base,Psychic,Ghost,680,137,113,89,137,107,97
927,793,Nihilego,Base,Rock,Poison,570,109,53,47,127,131,103
928,794,Buzzwole,Base,Bug,Fighting,570,107,139,139,53,53,79
929,795,Pheromosa,Base,Bug,Fighting,570,71,137,37,137,37,151
930,796,Xurkitree,Base,Electric,NA,570,83,89,71,173,71,83
931,797,Celesteela,Base,Steel,Flying,570,97,101,103,107,101,61
932,798,Kartana,Base,Grass,Steel,570,59,181,131,59,31,109
933,799,Guzzlord,Base,Dark,Dragon,570,223,101,53,97,53,43
934,800,Necrozma,Base,Psychic,NA,600,97,107,101,127,89,79
935,800,Necrozma,Dusk Mane Necrozma,Psychic,Steel,680,97,157,127,113,109,77
936,800,Necrozma,Dawn Wings Necrozma,Psychic,Ghost,680,97,113,109,157,127,77
937,800,Necrozma,Ultra Necrozma,Psychic,Dragon,754,97,167,97,167,97,129
938,801,Magearna,Base,Steel,Fairy,600,80,95,115,130,115,65
939,802,Marshadow,Base,Fighting,Ghost,600,90,125,80,90,90,125
940,803,Poipole,Base,Poison,NA,420,67,73,67,73,67,73
941,804,Naganadel,Base,Poison,Dragon,540,73,73,73,127,73,121
942,805,Stakataka,Base,Rock,Steel,570,61,131,211,53,101,13
943,806,Blacephalon,Base,Fire,Ghost,570,53,127,53,151,79,107
944,807,Zeraora,Base,Electric,NA,600,88,112,75,102,80,143
945,808,Meltan,Base,Steel,NA,300,46,65,65,55,35,34
946,809,Melmetal,Base,Steel,NA,600,135,143,143,80,65,34
947,810,Grookey,Base,Grass,NA,310,50,65,50,40,40,65
948,811,Thwackey,Base,Grass,NA,420,70,85,70,55,60,80
949,812,Rillaboom,Base,Grass,NA,530,100,125,90,60,70,85
950,813,Scorbunny,Base,Fire,NA,310,50,71,40,40,40,69
951,814,Raboot,Base,Fire,NA,420,65,86,60,55,60,94
952,815,Cinderace,Base,Fire,NA,530,80,116,75,65,75,119
953,816,Sobble,Base,Water,NA,310,50,40,40,70,40,70
954,817,Drizzile,Base,Water,NA,420,65,60,55,95,55,90
955,818,Inteleon,Base,Water,NA,530,70,85,65,125,65,120
956,819,Skwovet,Base,Normal,NA,275,70,55,55,35,35,25
957,820,Greedent,Base,Normal,NA,460,120,95,95,55,75,20
958,821,Rookidee,Base,Flying,NA,245,38,47,35,33,35,57
959,822,Corvisquire,Base,Flying,NA,365,68,67,55,43,55,77
960,823,Corviknight,Base,Flying,Steel,495,98,87,105,53,85,67
961,824,Blipbug,Base,Bug,NA,180,25,20,20,25,45,45
962,825,Dottler,Base,Bug,Psychic,335,50,35,80,50,90,30
963,826,Orbeetle,Base,Bug,Psychic,505,60,45,110,80,120,90
964,827,Nickit,Base,Dark,NA,245,40,28,28,47,52,50
965,828,Thievul,Base,Dark,NA,455,70,58,58,87,92,90
966,829,Gossifleur,Base,Grass,NA,250,40,40,60,40,60,10
967,830,Eldegoss,Base,Grass,NA,460,60,50,90,80,120,60
968,831,Wooloo,Base,Normal,NA,270,42,40,55,40,45,48
969,832,Dubwool,Base,Normal,NA,490,72,80,100,60,90,88
970,833,Chewtle,Base,Water,NA,284,50,64,50,38,38,44
971,834,Drednaw,Base,Water,Rock,485,90,115,90,48,68,74
972,835,Yamper,Base,Electric,NA,270,59,45,50,40,50,26
973,836,Boltund,Base,Electric,NA,490,69,90,60,90,60,121
974,837,Rolycoly,Base,Rock,NA,240,30,40,50,40,50,30
975,838,Carkol,Base,Rock,Fire,410,80,60,90,60,70,50
976,839,Coalossal,Base,Rock,Fire,510,110,80,120,80,90,30
977,840,Applin,Base,Grass,Dragon,260,40,40,80,40,40,20
978,841,Flapple,Base,Grass,Dragon,485,70,110,80,95,60,70
979,842,Appletun,Base,Grass,Dragon,485,110,85,80,100,80,30
980,843,Silicobra,Base,Ground,NA,315,52,57,75,35,50,46
981,844,Sandaconda,Base,Ground,NA,510,72,107,125,65,70,71
982,845,Cramorant,Base,Flying,Water,475,70,85,55,85,95,85
983,846,Arrokuda,Base,Water,NA,280,41,63,40,40,30,66
984,847,Barraskewda,Base,Water,NA,490,61,123,60,60,50,136
985,848,Toxel,Base,Electric,Poison,242,40,38,35,54,35,40
986,849,Toxtricity,Low Key Form,Electric,Poison,502,75,98,70,114,70,75
987,849,Toxtricity,Amped Form,Electric,Poison,502,75,98,70,114,70,75
988,850,Sizzlipede,Base,Fire,Bug,305,50,65,45,50,50,45
989,851,Centiskorch,Base,Fire,Bug,525,100,115,65,90,90,65
990,852,Clobbopus,Base,Fighting,NA,310,50,68,60,50,50,32
991,853,Grapploct,Base,Fighting,NA,480,80,118,90,70,80,42
992,854,Sinistea,Base,Ghost,NA,308,40,45,45,74,54,50
993,855,Polteageist,Base,Ghost,NA,508,60,65,65,134,114,70
994,856,Hatenna,Base,Psychic,NA,265,42,30,45,56,53,39
995,857,Hattrem,Base,Psychic,NA,370,57,40,65,86,73,49
996,858,Hatterene,Base,Psychic,Fairy,510,57,90,95,136,103,29
997,859,Impidimp,Base,Dark,Fairy,265,45,45,30,55,40,50
998,860,Morgrem,Base,Dark,Fairy,370,65,60,45,75,55,70
999,861,Grimmsnarl,Base,Dark,Fairy,510,95,120,65,95,75,60
1000,862,Obstagoon,Base,Dark,Normal,520,93,90,101,60,81,95
1001,863,Perrserker,Base,Steel,NA,440,70,110,100,50,60,50
1002,864,Cursola,Base,Ghost,NA,510,60,95,50,145,130,30
1003,865,Sirfetch'd,Base,Fighting,NA,507,62,135,95,68,82,65
1004,866,Mr. Rime,Base,Ice,Psychic,520,80,85,75,110,100,70
1005,867,Runerigus,Base,Ground,Ghost,483,58,95,145,50,105,30
1006,868,Milcery,Base,Fairy,NA,270,45,40,40,50,61,34
1007,869,Alcremie,Base,Fairy,NA,495,65,60,75,110,121,64
1008,870,Falinks,Base,Fighting,NA,470,65,100,100,70,60,75
1009,871,Pincurchin,Base,Electric,NA,435,48,101,95,91,85,15
1010,872,Snom,Base,Ice,Bug,185,30,25,35,45,30,20
1011,873,Frosmoth,Base,Ice,Bug,475,70,65,60,125,90,65
1012,874,Stonjourner,Base,Rock,NA,470,100,125,135,20,20,70
1013,875,Eiscue,Ice Face,Ice,NA,470,75,80,110,65,90,50
1014,875,Eiscue,Noice Face,Ice,NA,470,75,80,70,65,50,130
1015,876,Indeedee,Male,Psychic,Normal,475,60,65,55,105,95,95
1016,876,Indeedee,Female,Psychic,Normal,475,70,55,65,95,105,85
1017,877,Morpeko,Full Belly Mode,Electric,Dark,436,58,95,58,70,58,97
1018,877,Morpeko,Hangry Mode,Electric,Dark,436,58,95,58,70,58,97
1019,878,Cufant,Base,Steel,NA,330,72,80,49,40,49,40
1020,879,Copperajah,Base,Steel,NA,500,122,130,69,80,69,30
1021,880,Dracozolt,Base,Electric,Dragon,505,90,100,90,80,70,75
1022,881,Arctozolt,Base,Electric,Ice,505,90,100,90,90,80,55
1023,882,Dracovish,Base,Water,Dragon,505,90,90,100,70,80,75
1024,883,Arctovish,Base,Water,Ice,505,90,90,100,80,90,55
1025,884,Duraludon,Base,Steel,Dragon,535,70,95,115,120,50,85
1026,885,Dreepy,Base,Dragon,Ghost,270,28,60,30,40,30,82
1027,886,Drakloak,Base,Dragon,Ghost,410,68,80,50,60,50,102
1028,887,Dragapult,Base,Dragon,Ghost,600,88,120,75,100,75,142
1029,888,Zacian,Crowned Sword,Fairy,Steel,720,92,170,115,80,115,148
1030,888,Zacian,Hero of Many Battles,Fairy,NA,670,92,130,115,80,115,138
1031,889,Zamazenta,Crowned Shield,Fighting,Steel,720,92,130,145,80,145,128
1032,889,Zamazenta,Hero of Many Battles,Fighting,NA,670,92,130,115,80,115,138
1033,890,Eternatus,Base,Poison,Dragon,690,140,85,95,145,95,130
1034,890,Eternatus,Eternamax,Poison,Dragon,1125,255,115,250,125,250,130
1035,891,Kubfu,Base,Fighting,NA,385,60,90,60,53,50,72
1036,892,Urshifu,Single Strike Style,Fighting,Dark,550,100,130,100,63,60,97
1037,892,Urshifu,Rapid Strike Style,Fighting,Water,550,100,130,100,63,60,97
1038,893,Zarude,Base,Dark,Grass,600,105,120,105,70,95,105
1039,894,Regieleki,Base,Electric,NA,580,80,100,50,100,50,200
1040,895,Regidrago,Base,Dragon,NA,580,200,100,50,100,50,80
1041,896,Glastrier,Base,Ice,NA,580,100,145,130,65,110,30
1042,897,Spectrier,Base,Ghost,NA,580,100,65,60,145,80,130
1043,898,Calyrex,Base,Psychic,Grass,500,100,80,80,80,80,80
1044,898,Calyrex,Ice Rider,Psychic,Ice,680,100,165,150,85,130,50
1045,898,Calyrex,Shadow Rider,Psychic,Ghost,680,100,85,80,165,100,150
